{"cameraMode":{"drawMode":0,"name":"Shaded","section":"Shading Mode"},"sceneLighting":true,"audioPlay":false,"sceneViewState":{"m_AlwaysRefresh":false,"showFog":true,"showSkybox":true,"showFlares":true,"showImageEffects":true,"showParticleSystems":true,"showVisualEffectGraphs":true,"m_FxEnabled":true},"in2DMode":false,"pivot":{"x":15.493756294250489,"y":3.527585983276367,"z":3.1073951721191408},"rotation":{"x":0.01913481578230858,"y":0.07551097124814987,"z":0.0014482504921033979,"w":-0.9969605803489685},"size":12.12435531616211,"orthographic":false}